mean,se_mean,sd,2.5%,25%,50%,75%,97.5%,n_eff,Rhat,par_name,beta_id,background_id,sex_id,driver_id,construct_id,experiment_count,beta_val_id,model_index,parental_mortality
0.15346386306235366,0.08162742326228606,0.8746209365575184,-1.46445742892283,-0.4599529598942743,0.13695308597922912,0.7240428916969526,1.9191424354222886,114.80678724206835,1.0293938819546486,beta_vals[1],1,1,NA,NA,NA,2073,1,1,NA
0.18583897296353794,0.09705520850714938,0.5998148612645561,-0.97006828903124,-0.2298062657273346,0.18016768925042123,0.605188552397673,1.3506356244141564,38.1941412396692,1.0916244083332503,beta_vals[2],2,2,NA,NA,NA,5225,2,1,NA
0.3570742743918685,0.08289650566188882,0.8298233330957819,-1.313921812126734,-0.19272594818888047,0.37152975477249833,0.935631622989378,1.911837384547285,100.20717900765487,1.0338813535485407,beta_vals[3],3,1,1,1,NA,372,3,1,NA
0.37613306768881605,0.08319226922036034,0.8301324355308142,-1.3088320883846003,-0.1735819484615837,0.3895533642566747,0.9404831937441427,1.9182880556173076,99.57007293647796,1.0346351788587247,beta_vals[4],4,1,1,2,NA,339,4,1,NA
0.0924412480462317,0.08167853339376853,0.8252819152739562,-1.5507739975657746,-0.4520718122919196,0.10487243787392309,0.6584163556687257,1.6497450171226753,102.09131424841259,1.0309343037972418,beta_vals[5],5,1,2,1,NA,359,5,1,NA
-0.07163172671710079,0.08278357225558218,0.8297748202774258,-1.749807496445307,-0.6168078013217471,-0.05306375442766739,0.5057815686966718,1.4781548368568174,100.4690227085062,1.031893444853445,beta_vals[6],6,1,2,2,NA,330,6,1,NA
0.09683694728362918,0.09629625416757688,0.5339081724538495,-0.894646003753603,-0.27512945302909325,0.0997815498381473,0.4787930341117108,1.1025674795942515,30.740742251243496,1.1158688223511464,beta_vals[7],7,2,1,1,NA,903,7,1,NA
0.004014918845739389,0.0981527430803,0.5286087809785488,-0.9613429013272187,-0.36271266181431006,-0.010887209164472854,0.38099589713284776,1.0176487714136868,29.004398510260405,1.121684822886217,beta_vals[8],8,2,1,2,NA,831,8,1,NA
-0.19895680395521015,0.10113386525164064,0.5413117633911795,-1.223110073779646,-0.5727877958106866,-0.17790649149116772,0.18149507158617695,0.8025252088697855,28.648488805070528,1.1308197206253547,beta_vals[9],9,2,2,1,NA,908,9,1,NA
-0.2594422733196783,0.10179881500894937,0.5411538181682736,-1.285273525775654,-0.6341191125521711,-0.24651228983061688,0.123775386750499,0.7554970859221714,28.258949204164715,1.126504529672106,beta_vals[10],10,2,2,2,NA,867,10,1,NA
0.2944651969698199,0.0833797796085479,0.8478104879972643,-1.436545161780976,-0.2670107962614627,0.31486711514128896,0.8772210682988136,1.8733066478741769,103.3894163960597,1.0320158120473586,beta_vals[11],11,NA,NA,NA,1,10,11,1,NA
-0.2816006157965693,0.09812895934567369,0.5446659837753336,-1.3039426272017884,-0.6661746311067662,-0.2763502049550519,0.09964199645320768,0.7681864242580261,30.80818542825088,1.1150630564332573,beta_vals[12],12,NA,NA,NA,2,20,12,1,NA
0.01715830082807009,0.09912348769992212,0.5496132860892965,-1.0382550017928118,-0.365368799400072,0.032053185505813944,0.40749986768132873,1.0813911650102603,30.744065469314535,1.1146592890506881,beta_vals[13],13,NA,NA,NA,3,19,13,1,NA
-0.06653056564568673,0.099054612350274,0.5468499808995005,-1.088968313927492,-0.4554048685746035,-0.05547253438638802,0.320793228987933,0.9874345637664329,30.47803736484311,1.117275901558418,beta_vals[14],14,NA,NA,NA,4,20,14,1,NA
-0.3104646033092987,0.09931260086991538,0.5482290176973648,-1.352028709417979,-0.6873025623361458,-0.3048320845931985,0.07669795291873796,0.7439217291285437,30.47300806610171,1.1169845113507153,beta_vals[15],15,NA,NA,NA,5,20,15,1,NA
-0.03680024542804479,0.09807722385454436,0.5472245799274961,-1.0665786724771453,-0.4190951790395405,-0.030789415688569948,0.3528000401947251,1.0007512093724813,31.131128523571835,1.1147337163276623,beta_vals[16],16,NA,NA,NA,6,20,16,1,NA
0.08760665262793814,0.09896349524470817,0.5502290477906198,-0.9523369373253353,-0.2918789626354928,0.09635524479234892,0.4747798205278497,1.1280809059602288,30.91270268814471,1.116272095408965,beta_vals[17],17,NA,NA,NA,7,19,17,1,NA
0.034853285823827476,0.0993147262809631,0.5502083494363924,-1.0108926283916797,-0.34563726585352095,0.037301588396112265,0.43451797041314333,1.0928563263664792,30.692131700950007,1.115319311963094,beta_vals[18],18,NA,NA,NA,8,20,18,1,NA
0.06898794966875613,0.09819980141333856,0.549814803471698,-0.9597504950034058,-0.3149951274868305,0.07183846252748807,0.46518616119978695,1.1105301637093314,31.348129961333143,1.1136637506610512,beta_vals[19],19,NA,NA,NA,9,20,19,1,NA
0.07038467562863264,0.09883761833978613,0.5465467881899834,-0.9626016709713981,-0.30833606705828365,0.08463303176288592,0.4615552009775053,1.1157587880144317,30.57807555368412,1.1171742873588022,beta_vals[20],20,NA,NA,NA,10,19,20,1,NA
-0.12959888169144068,0.09911294365149778,0.5464531266808568,-1.1621620913891426,-0.5134452291533935,-0.11407557180853589,0.25610749416053813,0.9118278738490013,30.398004905933536,1.116329319672141,beta_vals[21],21,NA,NA,NA,11,20,21,1,NA
0.08226998237200046,0.09963321989636116,0.5470011590726768,-0.9508548239888023,-0.29572204749471703,0.08710593098474043,0.4734260652415635,1.1135548035154021,30.14172904315049,1.1179559009987001,beta_vals[22],22,NA,NA,NA,12,20,22,1,NA
0.01220514144965183,0.08192207799275651,0.8343995642938105,-1.6910813271116418,-0.540985232300494,0.019710391440624305,0.5924675406412837,1.5531666992396915,103.73999376600669,1.0333588296679659,beta_vals[23],23,NA,NA,NA,13,20,23,1,NA
-0.010667528212292306,0.1009316738458611,0.5507479737786188,-1.044506313248151,-0.3962530500709059,-3.1816818718293166e-4,0.37800170731132177,1.0551367622571748,29.774937930766775,1.1202900244280658,beta_vals[24],24,NA,NA,NA,14,20,24,1,NA
-0.078080770935344,0.10024963732312392,0.5440001312872723,-1.1064720685315321,-0.4585873372269219,-0.06353232965954139,0.30582401002804915,0.9664516520118969,29.446412306692437,1.1217020717114587,beta_vals[25],25,NA,NA,NA,15,20,25,1,NA
0.0071031887799070876,0.09976066329998794,0.5462923611770572,-1.01803076392823,-0.368214711992468,0.010967844920817645,0.39170166865956024,1.0393643077812658,29.986901939978885,1.1184253458143394,beta_vals[26],26,NA,NA,NA,16,20,26,1,NA
-0.14356712997700935,0.1003209439958091,0.5494630288767849,-1.180743359245947,-0.5386620499479964,-0.1409546786782263,0.24901606326892609,0.9152185251448344,29.99809882063938,1.1167506801522975,beta_vals[27],27,NA,NA,NA,17,19,27,1,NA
0.0157147769324364,0.09884876077313909,0.548011553065662,-1.0166750980236117,-0.3701428796882226,0.02459911860548858,0.40401896096184586,1.0475906268842066,30.73526559350139,1.115757694802529,beta_vals[28],28,NA,NA,NA,18,20,28,1,NA
-0.18331734061136656,0.09945650997030787,0.550061256486233,-1.221661832039469,-0.5741524002618577,-0.17061127160079484,0.20221110848038576,0.8683811003959971,30.5883240494022,1.1170549539409935,beta_vals[29],29,NA,NA,NA,19,19,29,1,NA
-0.06461827201162258,0.09879433908497734,0.5498635712388281,-1.1152252469772215,-0.4534675639266625,-0.057642251410831416,0.324400151660589,0.9884927705103425,30.977457964032848,1.1170267507128537,beta_vals[30],30,NA,NA,NA,20,17,30,1,NA
-0.14522277289743063,0.09831276009189163,0.5444197270855439,-1.1791218004659876,-0.5304860364199884,-0.13914405386175116,0.24525756082035555,0.8857872656973407,30.665350232149226,1.1157236295998725,beta_vals[31],31,NA,NA,NA,21,20,31,1,NA
-0.1003527233516916,0.09882372467607023,0.5496723578510141,-1.1214259438555039,-0.48583135025197965,-0.08748619366153987,0.2961639351516742,0.9600786980827825,30.93751010595112,1.1152548031634182,beta_vals[32],32,NA,NA,NA,22,20,32,1,NA
0.1694995744252487,0.09925801583084923,0.5463665890634787,-0.8494329238971677,-0.21667230094671092,0.17678903154835823,0.5560001883082515,1.2232023329547503,30.299613519280168,1.1170995437374398,beta_vals[33],33,NA,NA,NA,23,20,33,1,NA
0.04034140933833824,0.08229086944719068,0.8352615874820997,-1.6541847874006301,-0.5017655096223753,0.055572265991150296,0.6223597528130285,1.6093141487907243,103.02478496410447,1.0339168154072347,beta_vals[34],34,NA,NA,NA,24,20,34,1,NA
-0.27924011144734706,0.10059625305696179,0.5503112151402644,-1.2942425605176127,-0.6696050911016094,-0.2776656453949998,0.11534360029673804,0.7812317567984253,29.926306384424393,1.1178014556549787,beta_vals[35],35,NA,NA,NA,25,19,35,1,NA
-0.10043144536689715,0.09767916469068318,0.5468995189782812,-1.1388156049713634,-0.48529365683792425,-0.09521442177812703,0.2851659311328296,0.9220699405966646,31.348098930460694,1.1111595326003711,beta_vals[36],36,NA,NA,NA,26,19,36,1,NA
-0.20842344849282649,0.09935230328984462,0.5486987360276624,-1.2464660730139163,-0.586014879641122,-0.2019157991957541,0.17996961650321275,0.833005541882597,30.50085683989602,1.1161915587635376,beta_vals[37],37,NA,NA,NA,27,19,37,1,NA
0.20141584239032886,0.09860106274155073,0.5496594784068968,-0.831258552863307,-0.18273788030318006,0.20756067189991093,0.5902753681589905,1.2447519394661846,31.07593833971733,1.1149078928994591,beta_vals[38],38,NA,NA,NA,28,18,38,1,NA
-0.18211564440868463,0.09819782692697433,0.550191548855948,-1.2140104590563052,-0.5672470418106541,-0.17757287956046883,0.2122430793346824,0.8700582818516657,31.392367947017313,1.113740382926188,beta_vals[39],39,NA,NA,NA,29,19,39,1,NA
-0.48133514682367295,0.09880233116692132,0.545922856218644,-1.5279192310569525,-0.8601203343577508,-0.47458695106644366,-0.09236778033281219,0.5496901959788871,30.530096116533773,1.1176610448401338,beta_vals[40],40,NA,NA,NA,30,19,40,1,NA
-0.015271467678710115,0.0823966461931847,0.8321375608361213,-1.7071828814630619,-0.5594633335786209,0.0020701193724276456,0.5560307590873963,1.5382479133755285,101.99319142281317,1.0329025126150806,beta_vals[41],41,NA,NA,NA,31,20,41,1,NA
0.04724201217142493,0.08275326096512943,0.8347404374445871,-1.6614103203210222,-0.4932964626047326,0.055218565906970676,0.6281037988276857,1.6195666074101285,101.7495909842386,1.0332248140035265,beta_vals[42],42,NA,NA,NA,32,20,42,1,NA
0.1150545311396252,0.09795914129142247,0.5470744706401304,-0.9118918947313032,-0.26637863235930975,0.12163536003988201,0.49840034287945045,1.1563360103143772,31.18910832036644,1.114851553566507,beta_vals[43],43,NA,NA,NA,33,20,43,1,NA
-0.21759035261315965,0.09816607135478658,0.5450311015328911,-1.237939829507735,-0.600142267117774,-0.2079317444044611,0.17156836272782203,0.8319315881102127,30.826182804763494,1.115019443300322,beta_vals[44],44,NA,NA,NA,34,20,44,1,NA
-0.27926664849125665,0.09838018157106466,0.5438733874429683,-1.3040645908083608,-0.6584369785514521,-0.27427423657594285,0.10762293206875173,0.7590342112622481,30.56190192849474,1.1165201048975386,beta_vals[45],45,NA,NA,NA,35,20,45,1,NA
-0.16646602568872532,0.10016319664689244,0.5509907362603222,-1.2058510641661175,-0.5547250491792857,-0.1665801164310342,0.22283196885691822,0.8796744964793065,30.260231186677906,1.1173839438248039,beta_vals[46],46,NA,NA,NA,36,18,46,1,NA
0.021149678836456378,0.08288932162766083,0.8316394285399483,-1.685195716691704,-0.5249632848861407,0.04594199078262237,0.597059478663562,1.5703718525317525,100.66371915161922,1.0342734672891123,beta_vals[47],47,NA,NA,NA,37,20,47,1,NA
-0.2179008333756809,0.09960862122510797,0.5478030085794922,-1.2445362913012918,-0.6001126174388316,-0.21247927838444278,0.1649744500645463,0.841160361158377,30.2450961077437,1.117151990385476,beta_vals[48],48,NA,NA,NA,38,20,48,1,NA
0.13003383993152448,0.08234382105678519,0.8360424984210981,-1.5443026802962312,-0.4155894388852016,0.14444998018443136,0.7228471920417895,1.6923680929881049,103.08481049061318,1.0326782908478014,beta_vals[49],49,NA,NA,NA,39,20,49,1,NA
-0.007418296028464647,0.0984531104109148,0.5477204896721581,-1.0439001950412736,-0.3931481285820825,-1.8484855830953526e-4,0.3847043219767382,1.0402482372768664,30.949888797973085,1.1157571250899607,beta_vals[50],50,NA,NA,NA,40,20,50,1,NA
0.1344184936080296,0.0833911833059084,0.836776081657158,-1.5643448429931648,-0.41534900272892106,0.14914664472786252,0.7168667546535883,1.7184159021000798,100.6881225140656,1.0333266434861772,beta_vals[51],51,NA,NA,NA,41,19,51,1,NA
0.22991507751615753,0.08267455608461446,0.8326543844996158,-1.4443915038437747,-0.31151970094226106,0.2362524521275782,0.8040529434818603,1.7913967911575701,101.43452577841761,1.0337309714803797,beta_vals[52],52,NA,NA,NA,42,19,52,1,NA
-0.0024562325733124796,0.08249102419956494,0.8337583217744965,-1.7006595886334732,-0.5440325264514039,0.00890332375860066,0.5799779533619993,1.5513285101112886,102.15672738051788,1.0336964201157197,beta_vals[53],53,NA,NA,NA,43,19,53,1,NA
-0.026526213471698094,0.0830183760041513,0.8346646265416651,-1.7157099871797747,-0.5909135207530456,-0.015545002998171412,0.5440702210527019,1.5413580834296838,101.08240110660043,1.0335718119955608,beta_vals[54],54,NA,NA,NA,44,19,54,1,NA
-0.26732530579612584,0.0978864802746769,0.5463713484649161,-1.2933192230980248,-0.6577927686818958,-0.2668872446589604,0.1192249106938958,0.7741387988462664,31.15519031128961,1.1139158880772235,beta_vals[55],55,NA,NA,NA,45,20,55,1,NA
0.06014995044584968,0.08209663862140848,0.8335659173590659,-1.624268270071069,-0.486281419215211,0.07112812165318105,0.6385383227738102,1.6371983869497744,103.09299262145622,1.0333929924825804,beta_vals[56],56,NA,NA,NA,46,20,56,1,NA
0.187854934424289,0.09863245353839856,0.5472656554168394,-0.8339960789776032,-0.1985544681583431,0.19001192922965973,0.5782789962712357,1.226566167799611,30.7862445641552,1.1150815712253492,beta_vals[57],57,NA,NA,NA,47,20,57,1,NA
-0.24116329756276603,0.08213131125964375,0.835492945215454,-1.9290848577929274,-0.7866379216186478,-0.2270301365269941,0.3455468608890979,1.329062153525331,103.48277377071997,1.033077352487134,beta_vals[58],58,NA,NA,NA,48,20,58,1,NA
0.02925202565786025,0.09892855214473506,0.5477946561527753,-0.9877579660927028,-0.3590661798155983,0.031308114908758636,0.4162482170261981,1.0745323769415458,30.66142087091494,1.116853809818289,beta_vals[59],59,NA,NA,NA,49,20,59,1,NA
-0.1077031965174867,0.09903975276756749,0.5502668413672036,-1.165517422774283,-0.49055769337236865,-0.09487796266407406,0.27280880599466584,0.9644681111043358,30.869357589152866,1.1141703488400578,beta_vals[60],60,NA,NA,NA,50,15,60,1,NA
0.14502995851101694,0.08202633445191847,0.833510073286675,-1.5633253273546364,-0.4056398912563791,0.16080891204055392,0.7182010282761208,1.7014814699989536,103.25595236173632,1.0330381540634226,beta_vals[61],61,NA,NA,NA,51,20,61,1,NA
0.07620202152788062,0.08228031340356119,0.8336483636636595,-1.6060312807286912,-0.4852196536005755,0.07898393952318725,0.6626241086798796,1.614008910080275,102.65353977146785,1.0322109350489193,beta_vals[62],62,NA,NA,NA,52,20,62,1,NA
0.14375085634082882,0.08152506762700644,0.8352258154535565,-1.5440508291448907,-0.40224688780664053,0.14956516751602547,0.731536921018851,1.7151423599579705,104.96040140148243,1.0333515123740735,beta_vals[63],63,NA,NA,NA,53,19,63,1,NA
-0.19909129060920155,0.0989539268377318,0.5460137709779737,-1.22110635826482,-0.58800308800973,-0.1905334632446934,0.19185864852641663,0.8545145401393246,30.44676294661721,1.117577522925417,beta_vals[64],64,NA,NA,NA,54,20,64,1,NA
0.1755167046132459,0.09921845924940616,0.5478613079727696,-0.8351174572580593,-0.208816829642947,0.18387436570489052,0.5614354041049738,1.2379109631657574,30.489921253690568,1.11646449573711,beta_vals[65],65,NA,NA,NA,55,19,65,1,NA
0.11759247558744973,0.0978857549711984,0.5460650023192428,-0.9232743786601768,-0.2596784655158559,0.12998233015636212,0.5057569620941712,1.1523476320916217,31.120724347165844,1.1136265238288536,beta_vals[66],66,NA,NA,NA,56,20,66,1,NA
-0.08757522403796551,0.09881416773972082,0.5470458504854973,-1.114431729697571,-0.4717717061524269,-0.07934057870298987,0.29411131291576464,0.9518575996653295,30.648485731121433,1.1163494620237036,beta_vals[67],67,NA,NA,NA,57,20,67,1,NA
0.08214384804490564,0.09834102573243564,0.5451845877809234,-0.938773488090797,-0.3006683657063764,0.0979764510862461,0.4701558690402252,1.1272239759474736,30.733899885973603,1.1152604519536922,beta_vals[68],68,NA,NA,NA,58,20,68,1,NA
0.15398857678109457,0.08259342414204518,0.8357195145702747,-1.5352245021441766,-0.39410730435418184,0.1674708687771721,0.7401448301024585,1.6974114706855772,102.38354054597615,1.0332008857699189,beta_vals[69],69,NA,NA,NA,59,18,69,1,NA
-0.06051639476010145,0.08298212778299091,0.8363068089631253,-1.7640238622548448,-0.6080666144343762,-0.046079649503010967,0.5266419770194216,1.476299750060731,101.56922349122469,1.033430382654957,beta_vals[70],70,NA,NA,NA,60,20,70,1,NA
-0.16506399043246542,0.10022727654736012,0.546960457796816,-1.1966177482597942,-0.5487417389502044,-0.15515886156022965,0.2253562924648211,0.8918330339223665,29.78104972326557,1.11973946483185,beta_vals[71],71,NA,NA,NA,61,20,71,1,NA
-0.1230881307748903,0.08239901370585606,0.8333773375873135,-1.7844971762213646,-0.6793266405880366,-0.10607991334738201,0.4501816772564161,1.4540123680625996,102.29145261212965,1.0326672989403747,beta_vals[72],72,NA,NA,NA,62,20,72,1,NA
-0.1342847191284561,0.09894091635720231,0.5485626894844463,-1.167124440755066,-0.5173133062409538,-0.12928477071393468,0.2601415692740066,0.891981079614244,30.73977432089407,1.1168797145954208,beta_vals[73],73,NA,NA,NA,63,20,73,1,NA
-0.26496672033213503,0.09808688811079898,0.5458409863165616,-1.2936580741543553,-0.6521972999797226,-0.25651366190077496,0.11298760118457055,0.759333236215339,30.96780140913124,1.116073606332832,beta_vals[74],74,NA,NA,NA,64,19,74,1,NA
-0.3109335908921323,0.08235878232902262,0.83409327807246,-2.00307900767402,-0.8451380959783557,-0.30230963488177054,0.2669657111705641,1.2551926227048484,102.56741462110907,1.03373806550016,beta_vals[75],75,NA,NA,NA,65,20,75,1,NA
0.011115555307345945,0.09871074584420304,0.5466968777500896,-1.031827912465901,-0.37188356385363,0.017240816358609627,0.40052135702536296,1.0547829289379362,30.673569669574807,1.1157211334459487,beta_vals[76],76,NA,NA,NA,66,18,76,1,NA
-0.20870896867634803,0.09903973908589113,0.5499501603502439,-1.243593191438838,-0.591951271203065,-0.2022264956906623,0.1871756004086698,0.8572061908055668,30.833845426784592,1.1155619333529623,beta_vals[77],77,NA,NA,NA,67,19,77,1,NA
0.009091601944204424,0.09874116501047063,0.5465502070422228,-0.9964420544460624,-0.37875305155800043,0.023036260568456923,0.39768073292839756,1.0657943818969666,30.638227195756652,1.1150300667716087,beta_vals[78],78,NA,NA,NA,68,20,78,1,NA
-0.1308685922876818,0.08312955308110488,0.8338002948994235,-1.7894669142495798,-0.677092200290028,-0.1300266805616196,0.4335631196823548,1.4291573283934897,100.60352486665475,1.035217005271533,beta_vals[79],79,NA,NA,NA,69,20,79,1,NA
-0.19789317565471498,0.09883243942980617,0.5500666343490122,-1.2366733500804306,-0.5860423481054002,-0.18409486985788234,0.18468050713714407,0.832341094450629,30.976445037192377,1.1131660462582895,beta_vals[80],80,NA,NA,NA,70,20,80,1,NA
-0.2455833327712715,0.0985764898756759,0.5450662637910275,-1.2729148728339816,-0.6244996066054174,-0.23754511178061333,0.13744155896390597,0.7791946845788759,30.57397499891717,1.1182173711244723,beta_vals[81],81,NA,NA,NA,71,20,81,1,NA
-0.18779604544840978,0.09982043099342477,0.5490128956260085,-1.2109578768852742,-0.5745884142708634,-0.17074732850854268,0.19818398323117634,0.8359263754669044,30.25005787178637,1.11892537340456,beta_vals[82],82,NA,NA,NA,72,20,82,1,NA
-0.08570412491068947,0.09821322790508828,0.5445033925895011,-1.1129314587935022,-0.46931522491373423,-0.06908391366986236,0.2981660216422911,0.9492053028027907,30.736981107860608,1.1173011862416105,beta_vals[83],83,NA,NA,NA,73,20,83,1,NA
-0.06693385095032026,0.08397937532170403,0.835966356690814,-1.7653932567316257,-0.6261546474282972,-0.052035237443020736,0.5201410516750443,1.4891687005375431,99.09056842859383,1.0336464818795403,beta_vals[84],84,NA,NA,NA,74,20,84,1,NA
0.033090964803776476,0.09889155590755673,0.5489395741250511,-0.9916286143774372,-0.3482984502690294,0.04061867375180102,0.42137539877828156,1.0852044990687804,30.812764330877354,1.1161137413732056,beta_vals[85],85,NA,NA,NA,75,19,85,1,NA
-0.07065716342188809,0.0986494375082284,0.5461299254055212,-1.109376982239425,-0.44533538968400166,-0.06049510093868685,0.3214197764030528,0.9570935825853066,30.648041178505594,1.1162609446809497,beta_vals[86],86,NA,NA,NA,76,20,86,1,NA
0.05250048971625084,0.09801688769043312,0.5461174107186486,-0.9825484707299057,-0.33131108676357046,0.06554412056400274,0.43732620461679567,1.1002948289219032,31.043467716780974,1.115002079911903,beta_vals[87],87,NA,NA,NA,77,18,87,1,NA
0.0485259360720708,0.08271366385487224,0.8319970532521505,-1.6306946388858181,-0.5054379164764315,0.06790672443356169,0.6251986816076408,1.605859232317671,101.17869160769682,1.0349600883397891,beta_vals[88],88,NA,NA,NA,78,20,88,1,NA
-0.39532437559115774,0.09842165140273725,0.5654368185015254,-1.4665391866491568,-0.7955738046736319,-0.3908100922314584,4.577526620222281e-4,0.7049862602205866,33.00554231101896,1.106160052154101,beta_vals[89],89,NA,NA,NA,79,10,89,1,NA
-0.35625618691448296,0.09853099570214999,0.5503702619821683,-1.389429164711966,-0.7444459602527209,-0.3518624730683032,0.03419593035273344,0.6812328027631689,31.200688408518616,1.112971101827482,beta_vals[90],90,NA,NA,NA,80,18,90,1,NA
-0.32868555996457266,0.09917835770955977,0.5471347143513452,-1.3668383797775892,-0.7136114567557139,-0.3177429027095,0.05600704206793995,0.7024336549212822,30.433697252280716,1.1178023244353932,beta_vals[91],91,NA,NA,NA,81,20,91,1,NA
0.01321770465925661,0.0993055822992963,0.5457711097162075,-1.0034812660469545,-0.3639445760924262,0.01480757001260527,0.3959295399609914,1.069626426692257,30.204646730528914,1.118302430887055,beta_vals[92],92,NA,NA,NA,82,20,92,1,NA
-0.37155627365704624,0.09774127274466443,0.5469527216382473,-1.4043723089172784,-0.757267975099024,-0.35704973260799955,0.015407381879781447,0.6693836778944657,31.31436400488952,1.1141706177471167,beta_vals[93],93,NA,NA,NA,83,18,93,1,NA
-0.20805356716186024,0.09866641034608402,0.543916032223215,-1.2326507871620842,-0.6001102621628356,-0.19626388221420332,0.18397815148290328,0.8378186447632541,30.389605609546603,1.116485891970468,beta_vals[94],94,NA,NA,NA,84,20,94,1,NA
-0.1530173980144912,0.10009868801025926,0.5506296280578568,-1.1951378500181116,-0.5381675042492806,-0.1495754555459556,0.23925751525713773,0.9041452735350005,30.25954417464584,1.1185433690663242,beta_vals[95],95,NA,NA,NA,85,20,95,1,NA
0.11071825141883827,0.08286280833763697,0.8345253357829088,-1.5508221402689382,-0.43329923990249947,0.11827267308075982,0.6892100648425377,1.6822987475835174,101.42844240128068,1.034096984681393,beta_vals[96],96,NA,NA,NA,86,20,96,1,NA
-0.26327930299207536,0.09903794045182665,0.5476488540677922,-1.3121961569463598,-0.6508199310565752,-0.25372204459418624,0.13114798533260952,0.7813680491534168,30.57744303533608,1.1171291808231534,beta_vals[97],97,NA,NA,NA,87,19,97,1,NA
0.24507779087138015,0.08273104002866603,0.8359254550658967,-1.4535884360950988,-0.3046565821850433,0.2553210761723228,0.8300556518169968,1.809646269006867,102.09350939453319,1.0332686688046695,beta_vals[98],98,NA,NA,NA,88,20,98,1,NA
-0.11375565215273695,0.08239821571933106,0.832679449471366,-1.7874152770132858,-0.6688386830545594,-0.09949727184611026,0.4585064684882066,1.447917804935394,102.1221801975575,1.0329585900590066,beta_vals[99],99,NA,NA,NA,89,20,99,1,NA
-0.13485050906565638,0.08431332676838939,0.8343405968861763,-1.8337705659678856,-0.6872212151869302,-0.12048683808175317,0.4445757361311907,1.4219860059407554,97.9251623296602,1.0341611128606878,beta_vals[100],100,NA,NA,NA,90,20,100,1,NA
0.20617190365316418,0.08211495992549792,0.8347414754955776,-1.504265110179165,-0.3501573292880833,0.2291562469205987,0.7865188464191126,1.7873546446812707,103.33784838788063,1.0334749767446174,beta_vals[101],101,NA,NA,NA,91,17,101,1,NA
0.1960885422504566,0.08216139402825044,0.8343077667443649,-1.4723478500105798,-0.35607183251413044,0.2075219730337895,0.7711592406405152,1.7421918325848809,103.11384332780793,1.0328063507034952,beta_vals[102],102,NA,NA,NA,92,20,102,1,NA
0.14390085579249884,0.08150361658232914,0.8346450909131459,-1.5302779255356764,-0.4043513386659553,0.15708255022570602,0.7277595148771767,1.7318154302141593,104.86967600339734,1.032617708548181,beta_vals[103],103,NA,NA,NA,93,20,103,1,NA
0.11114518481224611,0.08225710399860169,0.831277623571266,-1.5625731337866628,-0.44344914375966055,0.12403922049411287,0.6889430593644988,1.684822715623272,102.12812292247585,1.0336540116520085,beta_vals[104],104,NA,NA,NA,94,20,104,1,NA
0.03223631387931724,0.08320458990043761,0.8347596455339634,-1.6386345594182739,-0.5282222637463403,0.04419604309893757,0.6068430770133968,1.6092732140571084,100.65337069072943,1.0342791443436712,beta_vals[105],105,NA,NA,NA,95,20,105,1,NA
0.19519207440429873,0.08294959539130602,0.8329856550530376,-1.4674213928527333,-0.3641571956549422,0.20548534590420042,0.777708656746469,1.7487085193956862,100.84317270852479,1.0334144142430952,beta_vals[106],106,NA,NA,NA,96,20,106,1,NA
-0.26162012246469524,0.09945238909091456,0.5479499114040579,-1.2893624439822178,-0.6413046110760021,-0.2476377193267722,0.12072097538065543,0.7776512492889055,30.356470910518997,1.1193359427348306,beta_vals[107],107,NA,NA,NA,97,20,107,1,NA
-0.21787772428972552,0.09919710456283076,0.5510386889419198,-1.2592136122418993,-0.5982695592959252,-0.21490032673034784,0.1694762206432393,0.8430003998613711,30.857887587773625,1.1160501805102632,beta_vals[108],108,NA,NA,NA,98,20,108,1,NA
-0.11520557232146238,0.0984878633119017,0.5470613741294497,-1.1251683316821135,-0.497545956439906,-0.11177947189635665,0.2697688549743329,0.9374794085114728,30.853658829937682,1.115720597502286,beta_vals[109],109,NA,NA,NA,99,17,109,1,NA
0.06857755466030287,0.09932055753954822,0.5461686318946665,-0.9581553033818142,-0.3102123994167523,0.07565186466296792,0.4611557094946746,1.1137343377334539,30.23954203904894,1.1193628587580382,beta_vals[110],110,NA,NA,NA,100,20,110,1,NA
0.021774372390792295,0.10021650058196957,0.547727080023063,-1.019139862602615,-0.3640480641322831,0.03327840402333108,0.40979657572140743,1.0533242131714697,29.871013569707525,1.1198810800509176,beta_vals[111],111,NA,NA,NA,101,20,111,1,NA
-0.07002717600470286,0.09862603956669876,0.5448983199724653,-1.0980734909460228,-0.4390635133825166,-0.06508002716889634,0.31351111913184293,0.9718022213179902,30.52444314911204,1.1165306754300024,beta_vals[112],112,NA,NA,NA,102,20,112,1,NA
-0.22884699822358964,0.09801830150674552,0.549241619387079,-1.2663201921390037,-0.6116627967719634,-0.22378379638814594,0.16122067297596218,0.8079826626910666,31.39876255682942,1.1142734590988772,beta_vals[113],113,NA,NA,NA,103,18,113,1,NA
0.09893584633510598,0.08174363400990278,0.8365438436393795,-1.6046056744725687,-0.44487806064976015,0.12135366559311164,0.6712418619202216,1.6694663479581717,104.72962130773054,1.0331572711102384,beta_vals[114],114,NA,NA,NA,104,16,114,1,NA
0.2080470934502482,0.09923535686931148,0.5472585725288744,-0.8088101237705491,-0.18209499305366467,0.2074091841285069,0.5935829030227322,1.2558770377805417,30.412510712711587,1.1155128206467055,beta_vals[115],115,NA,NA,NA,105,20,115,1,NA
-0.2544193606170571,0.09813292044099123,0.545814170576012,-1.2959556574129238,-0.6405678042769103,-0.2416403960597197,0.1366467183590736,0.7877719946242531,30.935715576702925,1.1166704786573436,beta_vals[116],116,NA,NA,NA,106,19,116,1,NA
0.2806051499373121,0.08222683619569643,0.8369635758181648,-1.4388427804513153,-0.2766722260887372,0.30267005683166015,0.8555011681185821,1.8601495468273739,103.60625015019899,1.0337349850948623,beta_vals[117],117,NA,NA,NA,107,17,117,1,NA
-0.24559403285079273,0.09887967511602655,0.5480567525696393,-1.2830876809609937,-0.6260185233479499,-0.2454526184122846,0.14690807575953496,0.798642389257568,30.72111715091193,1.1145806948507366,beta_vals[118],118,NA,NA,NA,108,19,118,1,NA
-0.07200539443278219,0.09848198944472282,0.5439232646177002,-1.0952959553332358,-0.45614682781687244,-0.06467154673401121,0.3082230158430677,0.9806428234164524,30.50434071684058,1.1168779530295967,beta_vals[119],119,NA,NA,NA,109,20,119,1,NA
-0.17405993164061817,0.09968975272037554,0.5468977124550458,-1.2042112167331482,-0.5534884741693658,-0.16123344762525177,0.212290999458228,0.8883170922437613,30.09616617677012,1.118072436202183,beta_vals[120],120,NA,NA,NA,110,19,120,1,NA
0.24265989718264228,0.09796074507221193,0.5440785445581736,-0.7678247427387114,-0.14965961260828467,0.2558852759933299,0.6298758908120139,1.2806290132187803,30.847433800116235,1.1152152613559916,beta_vals[121],121,NA,NA,NA,111,20,121,1,NA
0.22172510680438398,0.09900576413767997,0.5529972675876434,-0.8374587820488401,-0.16629382608768054,0.22985527672459977,0.6146831821672346,1.2590379408893515,31.197874789451166,1.1140257647457463,beta_vals[122],122,NA,NA,NA,112,15,122,1,NA
0.11149230604781285,0.0989293384911491,0.5470776626730282,-0.9308416025218538,-0.26903096058964426,0.12455694207597548,0.4980850431249878,1.1435293730212632,30.580723452381974,1.1172977641245492,beta_vals[123],123,NA,NA,NA,113,19,123,1,NA
0.22687173277212627,0.09868119948595311,0.5603814010888118,-0.8303562033653922,-0.15468317579503385,0.2242476560665782,0.6218343488106554,1.3018550324647034,32.24768819382351,1.1075121800139762,beta_vals[124],124,NA,NA,NA,114,12,124,1,NA
-0.2799852578604374,0.09785928076005639,0.5478333076035157,-1.310618812536838,-0.6657007748012377,-0.276333077991256,0.11266434265374799,0.7616848753989406,31.33955515407068,1.113461077154563,beta_vals[125],125,NA,NA,NA,115,20,125,1,NA
0.13290419105934997,0.09805776653962808,0.5492487351995015,-0.9233325178065732,-0.24240201628553393,0.14087784581527857,0.5252138326544313,1.1716864648894014,31.374306636611802,1.112399283645941,beta_vals[126],126,NA,NA,NA,116,17,126,1,NA
0.20978631337442996,0.09948748192457142,0.5485229545018336,-0.8328602683427266,-0.18267205583125512,0.2277343308685531,0.5976738882265968,1.2546559746335821,30.3985407000588,1.1182591580030208,beta_vals[127],127,NA,NA,NA,117,19,127,1,NA
-0.324606171328269,0.0984488481671306,0.5488001254997851,-1.3625929553438725,-0.7285686212790075,-0.32312847235388875,0.06930640752424627,0.7277917913856677,31.074712933618915,1.1153718788179794,beta_vals[128],128,NA,NA,NA,118,18,128,1,NA
-0.2776372118548158,0.09869451831741857,0.5460091830299564,-1.3093916105003987,-0.669468792621255,-0.27502128078363663,0.12132908857696256,0.7784618110697316,30.606511380873783,1.1142576105448732,beta_vals[129],129,NA,NA,NA,119,19,129,1,NA
0.10441897409317046,0.09816743604326242,0.5447943668002063,-0.9160602446166499,-0.28582842288054433,0.11862102924026599,0.4900459251337876,1.1295256811780372,30.798553543122576,1.1162697481974801,beta_vals[130],130,NA,NA,NA,120,20,130,1,NA
-0.08578359972057002,0.09873646531393293,0.5479520997755762,-1.1219146027706135,-0.4720124309497557,-0.08499735645319934,0.3053357944450109,0.9626525184212248,30.798533628035106,1.1163516978000232,beta_vals[131],131,NA,NA,NA,121,20,131,1,NA
-0.002959335969861745,0.09855843434687976,0.5498538934219319,-1.049169320123985,-0.3906036499268527,0.008169348144697825,0.3878714991585947,1.049323652437231,31.124832102226687,1.1143756905002713,beta_vals[132],132,NA,NA,NA,122,19,132,1,NA
-0.15284283497474874,0.09969381817389464,0.5516642623604104,-1.1778032885947587,-0.5391154953780812,-0.15431588867926493,0.23834736563208722,0.9250632886241265,30.620568005541912,1.1167012659182134,beta_vals[133],133,NA,NA,NA,123,18,133,1,NA
-0.24470726715352475,0.09831566164682273,0.5468593419149915,-1.2953090339044786,-0.6370725912597084,-0.23418326499041553,0.14588253883354674,0.8241318605729798,30.93897050393054,1.1152251561821487,beta_vals[134],134,NA,NA,NA,124,17,134,1,NA
-0.32590214363305775,0.0978636167309081,0.5502614503286631,-1.3551161522273356,-0.7156475750980894,-0.315300799938809,0.0599453371150739,0.7239446160910157,31.615179596628366,1.1115505033138708,beta_vals[135],135,NA,NA,NA,125,16,135,1,NA
0.1883032620718185,0.0600676589068101,0.8381754304738025,-1.3944032050463613,-0.38482473242400905,0.174953177715215,0.7231454699082634,1.9416029646047013,194.71008232289665,1.023088114278293,beta_vals[1],1,1,NA,NA,NA,2073,1,2,NA
0.07426914990828258,0.051683855393684,0.5912912075425976,-1.082674525998933,-0.33805451907846407,0.07994448905471893,0.5004160399900626,1.1967901490953319,130.88595219646558,1.011352039731246,beta_vals[2],2,2,NA,NA,NA,5225,2,2,NA
0.3318144888202661,0.0604925576318145,0.7915056506486166,-1.3569847070181051,-0.1795833565837959,0.3581565927357976,0.8775526959414477,1.8204095495355554,171.20015184981693,1.0288401860337142,beta_vals[3],3,1,1,1,NA,372,3,2,NA
0.34498936675355885,0.062317860150559214,0.7949144987721093,-1.3211770827480522,-0.15415679856556347,0.36674421083387077,0.8783366773607263,1.873852265759217,162.71057211791992,1.0290513562098054,beta_vals[4],4,1,1,2,NA,339,4,2,NA
0.05222316137894222,0.0606115574190214,0.7891419351937543,-1.6184171454496068,-0.44776432063637056,0.07803405326659539,0.5970804887751059,1.5427161084259446,169.5115746669091,1.026559560206542,beta_vals[5],5,1,2,1,NA,359,5,2,NA
-0.08540593287708405,0.06153249841631741,0.797163298029635,-1.7574390409205771,-0.5902764054630536,-0.064363041206384,0.4493612760017858,1.428571960871993,167.83614361161906,1.0258749331711086,beta_vals[6],6,1,2,2,NA,330,6,2,NA
0.1996581194270323,0.05195705059792884,0.5236879173352349,-0.7519121387305259,-0.17334994934125414,0.1880405300574481,0.5612222293382213,1.2188845663042231,101.59120882275802,1.0127080976012184,beta_vals[7],7,2,1,1,NA,903,7,2,NA
0.11461758830368622,0.049198358951387626,0.5164456579833074,-0.8692214640662314,-0.25496862081390076,0.1009521543763589,0.47382867486972147,1.1450082245004232,110.19148282426619,1.0155175690449796,beta_vals[8],8,2,1,2,NA,831,8,2,NA
-0.07271936022033552,0.05165746787257787,0.5167015828659901,-1.0118482711990973,-0.4464359165986164,-0.07532993091070767,0.27923899167153404,0.95076308111088,100.04913896610474,1.0132494383780328,beta_vals[9],9,2,2,1,NA,908,9,2,NA
-0.0798272534851708,0.05095788760528881,0.5154155761137428,-1.0620460012873174,-0.4496624093108167,-0.08797899804459258,0.28056109477317404,0.9005259339486711,102.3039129069607,1.0135878308715915,beta_vals[10],10,2,2,2,NA,867,10,2,NA
0.25404611129899024,0.06039488447982855,0.807757416940068,-1.4663939613104184,-0.2583443028222351,0.2634688401495999,0.8106496305390275,1.7655887186752712,178.87992293491277,1.0255857191081201,beta_vals[11],11,NA,NA,NA,1,10,11,2,NA
-0.17273795890920315,0.051251486514283455,0.5260423070019649,-1.1622248552568437,-0.5491709308351626,-0.18685208935207537,0.19797546831715637,0.8550602055580057,105.34851419331223,1.0146334075349699,beta_vals[12],12,NA,NA,NA,2,20,12,2,NA
0.22055544764812252,0.05133397483408434,0.5326255495731068,-0.7675542365950863,-0.17001480974812003,0.20945411096051553,0.5959996626862496,1.2715196980631973,107.6549996617739,1.012654773418852,beta_vals[13],13,NA,NA,NA,3,19,13,2,NA
0.04579392031227366,0.05143446882955447,0.5288470151416991,-0.9149348441638747,-0.33871659940946486,0.030772387856122366,0.41883099816396,1.0795933712590178,105.71864707368454,1.0144765226882384,beta_vals[14],14,NA,NA,NA,4,20,14,2,NA
-0.18117185623672497,0.050775321620192236,0.5288477879611583,-1.1582065825268282,-0.5597297936669101,-0.1935243202337542,0.18612825679619466,0.8671801088220523,108.48158409414319,1.0142219269408035,beta_vals[15],15,NA,NA,NA,5,20,15,2,NA
0.08483674420303827,0.051472748808522595,0.5310233322129191,-0.8864793217922988,-0.30133909908565515,0.0747125260486489,0.45695367939933385,1.119287341177758,106.43206393521184,1.0137233155817105,beta_vals[16],16,NA,NA,NA,6,20,16,2,NA
0.29598317777103084,0.05025323861975385,0.5282496064547179,-0.6872227033727591,-0.08515396698835788,0.2820030314749745,0.6697689183474232,1.3393193353388078,110.49694052102925,1.0129662723968003,beta_vals[17],17,NA,NA,NA,7,19,17,2,NA
0.1750759656285982,0.050677807068161475,0.5271034947305017,-0.8237942712658093,-0.19481132439130344,0.16695360181920138,0.5515775295009129,1.1894225665466052,108.182288328142,1.0138790040096834,beta_vals[18],18,NA,NA,NA,8,20,18,2,NA
0.20451856870929258,0.05101038220959034,0.5261175687426735,-0.76892909328982,-0.17570967646614366,0.18913116734766125,0.5716006705922093,1.2395856598153718,106.37717524033886,1.014626701002888,beta_vals[19],19,NA,NA,NA,9,20,19,2,NA
0.17417080766839427,0.051367267920648614,0.5314210041251887,-0.8133958008326146,-0.2059906862113461,0.15887479678788918,0.5476831946948593,1.2139785275784478,107.02974641077206,1.0138036690664656,beta_vals[20],20,NA,NA,NA,10,19,20,2,NA
-0.022347603243260728,0.051361456476840484,0.5320560046877738,-1.0092944965085682,-0.4048255167830815,-0.036286257687896326,0.35018729681473815,1.0139078202318235,107.30996085919257,1.0139137448703546,beta_vals[21],21,NA,NA,NA,11,20,21,2,NA
0.255411392958365,0.05092263350499936,0.528412675762558,-0.7308056884472821,-0.12276425231492544,0.25087739927134495,0.6280944486711304,1.266784915172627,107.67744532941852,1.0134609759938304,beta_vals[22],22,NA,NA,NA,12,20,22,2,NA
-0.02921492124116263,0.06119103285575688,0.8014382599227795,-1.7144006588192404,-0.5324926270614935,-0.00820863927957155,0.5169711011378253,1.4972779565989236,171.5396719538369,1.0257411405193397,beta_vals[23],23,NA,NA,NA,13,20,23,2,NA
0.09315582909957981,0.05129903040921403,0.5289923398269508,-0.8998038314007928,-0.27869222504764085,0.08093489109236658,0.4584897174383285,1.1464460683416733,106.33603266559183,1.0146116228137572,beta_vals[24],24,NA,NA,NA,14,20,24,2,NA
0.05918191149786695,0.05108221309703541,0.5301050758450884,-0.924147044485198,-0.3247522315622513,0.04006310345611307,0.43358889191115624,1.076299436855344,107.69226629835627,1.0130486914135473,beta_vals[25],25,NA,NA,NA,15,20,25,2,NA
0.1521292101705243,0.05151266395970914,0.5315089082955609,-0.8241140458144764,-0.22948126907050678,0.1359642482417957,0.5241508119196525,1.1981220414322875,106.46162136987562,1.0134600133880018,beta_vals[26],26,NA,NA,NA,16,20,26,2,NA
-0.03593930714679165,0.05090895191099919,0.5286489967697197,-1.0236766444615437,-0.4174912204350185,-0.05214354106633763,0.3316306559825473,1.0278983666528905,107.83171502847416,1.0133586656706786,beta_vals[27],27,NA,NA,NA,17,19,27,2,NA
0.12257798715087158,0.050975888400643064,0.5323068628150321,-0.8664647689493932,-0.2626571572346436,0.10527351638723365,0.48787421111611773,1.1629726129583569,109.04217966313598,1.014253701387319,beta_vals[28],28,NA,NA,NA,18,20,28,2,NA
-0.07103604189265457,0.05093851968381802,0.5317432090466705,-1.0589673901057117,-0.45865927324367983,-0.08376764368252915,0.29780352238264124,0.9729349417257094,108.97108238690777,1.012866939878364,beta_vals[29],29,NA,NA,NA,19,19,29,2,NA
0.043414991885191746,0.051779507966694165,0.5358247294250277,-0.9503171095292974,-0.3508517588744548,0.03547861940692172,0.42030705823361975,1.0774817337659515,107.08525326617156,1.014112103599387,beta_vals[30],30,NA,NA,NA,20,17,30,2,NA
-0.03978302923726477,0.05159287555861546,0.5301431162393404,-1.0140755428015917,-0.42203173335423044,-0.049793669810436536,0.3409209315635029,1.0040777847224915,105.58610875077859,1.0143185004695079,beta_vals[31],31,NA,NA,NA,21,20,31,2,NA
0.007977551473663783,0.05034005718433589,0.527723914863902,-0.9632095494486502,-0.3743310825579961,-0.005337293558082086,0.38281967947636597,1.060107764312366,109.89707715243934,1.012950572480482,beta_vals[32],32,NA,NA,NA,22,20,32,2,NA
0.3274159853761576,0.050833315031759495,0.5274737358399143,-0.6659980002284023,-0.04158088215648825,0.3154425330012008,0.6982531742414393,1.3682887552042315,107.67250442720655,1.0143085541681947,beta_vals[33],33,NA,NA,NA,23,20,33,2,NA
0.020826227851049917,0.060955372289211204,0.8008133539396276,-1.634913426994364,-0.48020020899995386,0.044468816313047374,0.5654090086841389,1.5285643209653188,172.59914379572893,1.0255263685009364,beta_vals[34],34,NA,NA,NA,24,20,34,2,NA
-0.17392049469779722,0.05081056005744266,0.5307012760301704,-1.1333449935445121,-0.5538783083379614,-0.1878230228970879,0.20147209445929365,0.854311543101655,109.0918482897081,1.0132564010291398,beta_vals[35],35,NA,NA,NA,25,19,35,2,NA
0.010090223294798589,0.050765374895049405,0.5309662773750204,-0.9793479677557378,-0.3719187420917174,-0.0021639386833493548,0.3834969301533758,1.0502611790622318,109.3953048333126,1.0136409643214426,beta_vals[36],36,NA,NA,NA,26,19,36,2,NA
-0.04651319673626204,0.05123867742098704,0.5312937613892795,-1.0333327180135496,-0.4354784019395789,-0.05612961542962128,0.32311898460284877,0.9740041356564451,107.51612668309558,1.012735530747496,beta_vals[37],37,NA,NA,NA,27,19,37,2,NA
0.3242298701969258,0.05095297179558304,0.5296700376329158,-0.6693822154864049,-0.06122948156976762,0.320018722910657,0.6935434271848184,1.3625794917611556,108.06169489190526,1.0138142838068671,beta_vals[38],38,NA,NA,NA,28,18,38,2,NA
-0.0748332446870754,0.05110425906767883,0.530966861029306,-1.0583846159260895,-0.4592253471274223,-0.08977227057212633,0.29347190225306063,0.9749036071301382,107.94950143748841,1.0149660652925987,beta_vals[39],39,NA,NA,NA,29,19,39,2,NA
-0.3447992452809709,0.050513978224977045,0.5301148362073194,-1.324517587915892,-0.730112483769432,-0.3618754952722161,0.027951992776297976,0.6821844560314583,110.1328232325242,1.0136026634198383,beta_vals[40],40,NA,NA,NA,30,19,40,2,NA
-0.05799682460698858,0.06064558863435813,0.7977737692917516,-1.7423506357256775,-0.5547422690262779,-0.025592191642283057,0.4752209786756123,1.4465916672557968,173.04580433029804,1.0256618009625158,beta_vals[41],41,NA,NA,NA,31,20,41,2,NA
0.028882042179079116,0.0604005232368916,0.7987362846393952,-1.6671629348173067,-0.49082555044670073,0.05287055296888215,0.5655674985200204,1.5284912540217241,174.87407325425252,1.0255755601680847,beta_vals[42],42,NA,NA,NA,32,20,42,2,NA
0.2626723591207436,0.05126822782948413,0.5293895175641823,-0.7099802000623178,-0.11049686089124638,0.24273659511788154,0.6401932545527844,1.2935149000398847,106.62377730491471,1.0138476769208635,beta_vals[43],43,NA,NA,NA,33,20,43,2,NA
-0.11323861701419154,0.05118929734823842,0.5295276090877822,-1.0911890991829127,-0.49612109608743143,-0.12862975023652717,0.2542688565013682,0.9357826573663284,107.00864899537305,1.0133885515513037,beta_vals[44],44,NA,NA,NA,34,20,44,2,NA
-0.15757542419805984,0.05125731241905253,0.530045631852569,-1.1376195531860758,-0.538212540216417,-0.1693092816118859,0.21006552597104233,0.8919198222218676,106.93376487971165,1.0134427672319772,beta_vals[45],45,NA,NA,NA,35,20,45,2,NA
0.01697448560540161,0.05142839466599446,0.529416676035609,-0.9663814494898831,-0.3637508603193562,-0.0017945634439444794,0.39305790235246313,1.0687262441428345,105.97155273532977,1.0136114869603718,beta_vals[46],46,NA,NA,NA,36,18,46,2,NA
-0.015864164809480757,0.0612031483830249,0.7993317566776886,-1.6888893609586995,-0.5312376530886562,0.021310638095056747,0.5258701303193836,1.516444858374154,170.5715546726685,1.0273588162036225,beta_vals[47],47,NA,NA,NA,37,20,47,2,NA
-0.10871118732720161,0.0510072430071194,0.5295360129606939,-1.0977114195235917,-0.4892321670779903,-0.11714969545583659,0.26016119599738485,0.9118383582139784,107.77730062633626,1.012827565050392,beta_vals[48],48,NA,NA,NA,38,20,48,2,NA
0.1183279680240288,0.060836275450979874,0.7980686169037113,-1.5605387311789802,-0.39851068534377754,0.14594856922700444,0.6627407733094148,1.6486310279083727,172.0898400241693,1.0261264673080195,beta_vals[49],49,NA,NA,NA,39,20,49,2,NA
0.10173717757936702,0.05138423560888548,0.5309322269021787,-0.8724181117534964,-0.2843311495209114,0.09196790222289747,0.47649519810385293,1.1633545949396213,106.76241123869615,1.0149886891528777,beta_vals[50],50,NA,NA,NA,40,20,50,2,NA
0.09635084034884413,0.060602782926721326,0.8005814926674852,-1.5734381463742253,-0.41338602334537994,0.11691526978382533,0.6441422866114548,1.5927489744244108,174.51226559560752,1.02592334014278,beta_vals[51],51,NA,NA,NA,41,19,51,2,NA
0.19460813045162118,0.060939885063924684,0.8013692329682365,-1.490118311848872,-0.32847095548515837,0.22055721967621986,0.7375397451723636,1.7299075958098502,172.92670543441227,1.0260601808995686,beta_vals[52],52,NA,NA,NA,42,19,52,2,NA
-0.042422588870261256,0.060546646281662335,0.7974500570364216,-1.7516092972425643,-0.5476814567809745,-0.019155615697556666,0.4991736552469818,1.4537855241160598,173.4709681479816,1.0254719353138972,beta_vals[53],53,NA,NA,NA,43,19,53,2,NA
-0.06940671882763635,0.06046853626730284,0.7984197136819335,-1.7709376988897476,-0.5652690107899634,-0.05170124307779703,0.48014012132163225,1.4649045051857088,174.3426291806122,1.025846477846089,beta_vals[54],54,NA,NA,NA,44,19,54,2,NA
-0.1258548943715376,0.05134357735395768,0.5314381531404553,-1.1087836267661235,-0.5015731757794128,-0.13954597920399633,0.25264489698310355,0.9113353406865903,107.13545312766247,1.0134251006719563,beta_vals[55],55,NA,NA,NA,45,20,55,2,NA
0.02092882445060291,0.060459085846774265,0.8000926715161921,-1.6509254812021967,-0.4899091160894677,0.04342574788135588,0.5701731339673703,1.546392056232191,175.12874377682587,1.0255095392699474,beta_vals[56],56,NA,NA,NA,46,20,56,2,NA
0.31254606968855203,0.05178540618139049,0.5291146779711942,-0.6485663030799903,-0.07486858542641037,0.3021982442475782,0.6827476746223965,1.3522526123318301,104.39623698513411,1.0153097640060742,beta_vals[57],57,NA,NA,NA,47,20,57,2,NA
-0.28179690099738186,0.060580546186249494,0.7994834149419743,-1.958328686168645,-0.7986787183134291,-0.25687938422660883,0.2687397397762033,1.228348945466844,174.16165724462837,1.0261834641224559,beta_vals[58],58,NA,NA,NA,48,20,58,2,NA
0.13644001674236583,0.0514001901532727,0.5314085154882411,-0.8341712812749179,-0.24939317039057368,0.12442380582082434,0.5145832936006464,1.1807303765873345,106.88765950870471,1.013588044160348,beta_vals[59],59,NA,NA,NA,49,20,59,2,NA
-0.0021124007858322486,0.050834322984308226,0.5360291690916517,-0.9967022988053228,-0.3886653486280319,-0.0094735590522606,0.37046540147375956,1.0378733175481976,111.18923922861576,1.0132564193155027,beta_vals[60],60,NA,NA,NA,50,15,60,2,NA
0.12947941480749106,0.06055993439122559,0.7989160438924309,-1.5517942428929794,-0.3847475089044972,0.158564229812361,0.6704210354018589,1.6671328309769828,174.03295468267834,1.0249335696187256,beta_vals[61],61,NA,NA,NA,51,20,61,2,NA
0.04059361239600543,0.060962791092505485,0.8007026480254604,-1.6234830804886642,-0.4667616146881936,0.060029620532055475,0.5837470179227252,1.5495126946794593,172.50943187026746,1.026695038860023,beta_vals[62],62,NA,NA,NA,52,20,62,2,NA
0.11497945400989067,0.06048342305571252,0.8027275777010735,-1.578170121769108,-0.38992928734381815,0.13576902850091782,0.6606231250210391,1.6367294444025342,176.14229181469173,1.026296895414099,beta_vals[63],63,NA,NA,NA,53,19,63,2,NA
-0.09450278488248848,0.05115579674909604,0.5275569791986792,-1.0804281138331695,-0.47377920347744484,-0.11475100138527403,0.27969042106776143,0.9429750071874101,106.35282718798751,1.0141753478023863,beta_vals[64],64,NA,NA,NA,54,20,64,2,NA
0.30656918946327005,0.05090299578948422,0.5291603907588804,-0.6717301633642979,-0.07887900133341633,0.3044814439115032,0.6721037048822267,1.3480115784063178,108.06572509217231,1.0140709291218593,beta_vals[65],65,NA,NA,NA,55,19,65,2,NA
0.22239651012374415,0.05091865814036808,0.5260704171914087,-0.7637665789686976,-0.15711811948441318,0.2112817837828847,0.5979479760401678,1.2459166415513885,106.74163746398654,1.0148654969341784,beta_vals[66],66,NA,NA,NA,56,20,66,2,NA
0.05681607002250978,0.051681951936719636,0.5309270551075672,-0.9111552266151374,-0.3238696198124628,0.0402188590843455,0.4388663684991878,1.109714838818919,105.53387816171909,1.0140156619265257,beta_vals[67],67,NA,NA,NA,57,20,67,2,NA
0.19206300235602006,0.05053436958008098,0.5306801110725192,-0.7903668174776932,-0.19024656732645387,0.17623524781418184,0.5699018757295884,1.22780586789667,110.27877120998424,1.0126669507484967,beta_vals[68],68,NA,NA,NA,58,20,68,2,NA
0.10945876302316701,0.06097649599261792,0.8013393654565039,-1.570221719583973,-0.40208648974264594,0.1332482092655582,0.6467642045476157,1.6560451881082592,172.7062393025926,1.0256555698283298,beta_vals[69],69,NA,NA,NA,59,18,69,2,NA
-0.0977630148935145,0.060257000686958426,0.7939663245832167,-1.7471690986797757,-0.6098856284087967,-0.07602661111372941,0.44803431845703146,1.3987996961774545,173.61575917737596,1.0262160006410137,beta_vals[70],70,NA,NA,NA,60,20,70,2,NA
-0.013224983376268382,0.05124332750191035,0.5298099861589702,-0.9852882123170609,-0.39936619858187483,-0.02376381201781503,0.3641685903104123,1.02747865342493,106.89702867226025,1.0136308318737852,beta_vals[71],71,NA,NA,NA,61,20,71,2,NA
-0.1369101201097708,0.060994684627369025,0.7984220316379028,-1.8451554119851659,-0.6492889489652287,-0.11793439515082947,0.3993981788953065,1.3872679622134352,171.34879098357115,1.0264927425417636,beta_vals[72],72,NA,NA,NA,62,20,72,2,NA
-0.02448749860661088,0.0510712477441008,0.5315842318722712,-1.0144882009951874,-0.40800898571966615,-0.0474348007493469,0.3446890318176191,1.0076148616641314,108.34060177553964,1.012870699804091,beta_vals[73],73,NA,NA,NA,63,20,73,2,NA
-0.1610351729410657,0.051580110972775955,0.534327505396201,-1.1438606633518067,-0.5469219056476362,-0.1722482113140725,0.20567753566596061,0.8740537639542916,107.31255058744826,1.0140489810653623,beta_vals[74],74,NA,NA,NA,64,19,74,2,NA
-0.3545366978812207,0.0613447830921373,0.8003900507776839,-2.0339697600455273,-0.8623590018770052,-0.33359540038159097,0.18170205970859368,1.1854900056244664,170.23470114956626,1.0263623503902854,beta_vals[75],75,NA,NA,NA,65,20,75,2,NA
0.2097491632642742,0.05112954807083002,0.5303694687165478,-0.7776762407653993,-0.16462707465932205,0.19362658707234745,0.5752138035243763,1.2599167711107722,107.60021097636745,1.014192653721412,beta_vals[76],76,NA,NA,NA,66,18,76,2,NA
-0.05091113805112874,0.05165858471574016,0.532672160667488,-1.0382766548010125,-0.43900851467622864,-0.060037785078970535,0.3280103342407662,0.9915564177177191,106.3249021853917,1.0139537628448718,beta_vals[77],77,NA,NA,NA,67,19,77,2,NA
0.11132664934093592,0.0509782100299431,0.5313663262515715,-0.8592650022929592,-0.27253089246020046,0.10886059820224764,0.49197452777754175,1.151544913942774,108.64728875327269,1.013412271790118,beta_vals[78],78,NA,NA,NA,68,20,78,2,NA
-0.17107068589604119,0.060589260103913155,0.8017053093273612,-1.8677600222500854,-0.6911717292670485,-0.14462493432019052,0.3753608962963807,1.336684044176027,175.08067864325452,1.0263972437647815,beta_vals[79],79,NA,NA,NA,69,20,79,2,NA
-0.011838359968137336,0.051160030465624874,0.53084114199376,-0.9981040967672479,-0.4047553936800543,-0.015923970146941458,0.35114466874416866,1.019859190120759,107.66326862627432,1.0144428278763808,beta_vals[80],80,NA,NA,NA,70,20,80,2,NA
-0.12366185516764155,0.05131674785974308,0.530002853252684,-1.110626073497167,-0.49513594172166797,-0.13328198029938948,0.25022221873830963,0.917960393910006,106.6689853193487,1.0134191693956638,beta_vals[81],81,NA,NA,NA,71,20,81,2,NA
-0.08228620316707023,0.05129478755613831,0.5303838561713858,-1.0552967839982892,-0.4684164941190708,-0.09510930969925391,0.29442712871723364,0.97118122055731,106.9138877227417,1.0142583603383302,beta_vals[82],82,NA,NA,NA,72,20,82,2,NA
0.021077812886626243,0.05120574914266007,0.5279627427573985,-0.9585263038094387,-0.3577048267173618,0.009915539651673574,0.39547060784985094,1.0539625274792424,106.30877264168396,1.013694869683676,beta_vals[83],83,NA,NA,NA,73,20,83,2,NA
-0.10199496899214448,0.060237657992855055,0.7992378419360793,-1.7805203560959302,-0.5966165310614124,-0.08473950650535218,0.4412260380540285,1.3885837537658123,176.04184850596,1.0251912948851465,beta_vals[84],84,NA,NA,NA,74,20,84,2,NA
0.14232819345208403,0.05115516751906099,0.527782714463474,-0.8289638308716136,-0.24152212869474252,0.1308460539243539,0.5213618131223432,1.1667924081137817,106.44647946692997,1.0132791757322346,beta_vals[85],85,NA,NA,NA,75,19,85,2,NA
0.056085243405060464,0.050854600724442346,0.5279854072837472,-0.9156233269073424,-0.3281137548676454,0.04959361339801126,0.4304875824147331,1.0844427034928392,107.79120853000562,1.0137878146260657,beta_vals[86],86,NA,NA,NA,76,20,86,2,NA
0.16496202989767045,0.05186894663475579,0.5376930762398223,-0.825567621176997,-0.22607232756696402,0.15239252622785412,0.5449413883223204,1.207493887657951,107.46178043260043,1.0137337021350192,beta_vals[87],87,NA,NA,NA,77,18,87,2,NA
0.004377136983984628,0.06059235137969432,0.7974757526319131,-1.680043413110097,-0.5005599485270475,0.025428719181143478,0.5443764115579068,1.4979568839288853,173.22052945433947,1.0265508134247843,beta_vals[88],88,NA,NA,NA,78,20,88,2,NA
-0.28730501275316495,0.0509070683281979,0.5492951647164235,-1.2971191651245813,-0.6908167071640626,-0.2950306011601246,0.0952550184277056,0.7930123740340236,116.42744783190811,1.0128400452645119,beta_vals[89],89,NA,NA,NA,79,10,89,2,NA
-0.19146014103633935,0.051371404570057774,0.5345833816234673,-1.1789198957349563,-0.5712814252963594,-0.20970285551045487,0.17792143299476126,0.8574811073324613,108.28991866217197,1.0132267262503964,beta_vals[90],90,NA,NA,NA,80,18,90,2,NA
-0.16603548654163952,0.051729684564093666,0.5294366216654929,-1.1350783594160325,-0.5516823730478593,-0.1758210802036998,0.20626412054886706,0.8585841055948802,104.74861679234589,1.0151192756162042,beta_vals[91],91,NA,NA,NA,81,20,91,2,NA
0.19028489957240496,0.05102448219788063,0.5293425719457829,-0.7744921692366171,-0.18815536909921016,0.1709348691911235,0.5614368074028686,1.2175972637475057,107.62581026315712,1.013978231656927,beta_vals[92],92,NA,NA,NA,82,20,92,2,NA
-0.21485127638624088,0.05174102307551754,0.5328368528387132,-1.2136318433085975,-0.6002824147814607,-0.2313524118448813,0.1644612402313457,0.8342173819894212,106.05190777417242,1.0140157864211214,beta_vals[93],93,NA,NA,NA,83,18,93,2,NA
-0.06247505890958258,0.05099888635701743,0.5293726392857857,-1.051934365698136,-0.4421567037339161,-0.07930806001016502,0.31602659135023337,0.9688099671754471,107.74610924337351,1.0133171878726712,beta_vals[94],94,NA,NA,NA,84,20,94,2,NA
-0.019827921325987662,0.051044543617717736,0.5301281284416027,-0.9804094491428099,-0.40305090336097604,-0.030350945761249946,0.3567583369588199,1.0237772859116363,107.86065327834123,1.0142151743876309,beta_vals[95],95,NA,NA,NA,85,20,95,2,NA
0.07192424592657647,0.06084488279856775,0.7995316178325652,-1.6190196864300905,-0.43525721818507834,0.0926448669080073,0.6055993026097146,1.6016910540500353,172.67249638767342,1.0252090097307576,beta_vals[96],96,NA,NA,NA,86,20,96,2,NA
-0.135108828433927,0.050973282785533924,0.5314480915970178,-1.1131277353598497,-0.5166350471127865,-0.14355937041265324,0.23575814746383844,0.9264264075662488,108.70173996736861,1.0143574414092489,beta_vals[97],97,NA,NA,NA,87,19,97,2,NA
0.20485386226665148,0.060726665048756075,0.7994031972314701,-1.4908348783692753,-0.29831919725121525,0.2259319195059878,0.7419270539921,1.7383630271475394,173.28975946536102,1.0256016708686289,beta_vals[98],98,NA,NA,NA,88,20,98,2,NA
-0.152343580458298,0.06095291565650096,0.7987273859577783,-1.849518406968401,-0.6672391537227874,-0.134799398164674,0.4008398924207217,1.3716539303780972,171.71497904297408,1.0265560729305792,beta_vals[99],99,NA,NA,NA,89,20,99,2,NA
-0.1768116196584103,0.06059855938944453,0.7984369031315193,-1.8516284484729704,-0.6882528604925732,-0.15329722004013557,0.36877228446856747,1.3472724325605268,173.6027511761936,1.026132383251633,beta_vals[100],100,NA,NA,NA,90,20,100,2,NA
0.16498157523003457,0.05982743646128955,0.7977582494183895,-1.5280536844232924,-0.34217161475838526,0.17900465222253606,0.709198354159881,1.6890747458047293,177.8041196676049,1.0253942373375677,beta_vals[101],101,NA,NA,NA,91,17,101,2,NA
0.17262713562077264,0.06053389389467681,0.7968005599771726,-1.519063104084321,-0.33218391648205664,0.193255684054756,0.7085689381580753,1.6850392425107334,173.261487613599,1.0261857244526018,beta_vals[102],102,NA,NA,NA,92,20,102,2,NA
0.09979009919265268,0.06052732625036706,0.7991223471651219,-1.5897429457411036,-0.4108356117415947,0.12489720158035239,0.6346841811029569,1.6040877990533537,174.31050939407993,1.0258629386081366,beta_vals[103],103,NA,NA,NA,93,20,103,2,NA
0.07186298968319033,0.06089252793354963,0.7992067719556538,-1.6330755854116463,-0.4399943463284041,0.09620988593681015,0.6193850160803822,1.5774724339642558,172.26232410555863,1.026571108126565,beta_vals[104],104,NA,NA,NA,94,20,104,2,NA
-0.009481320644365326,0.06144899585613979,0.8014572236220596,-1.6942863340194736,-0.5244143504235937,0.018190211139283007,0.5396850501165453,1.5130611518007537,170.11049735501814,1.0266683065980606,beta_vals[105],105,NA,NA,NA,95,20,105,2,NA
0.15586416055886523,0.060450877431117565,0.7962665809932423,-1.4992900235225115,-0.3590290251080772,0.17560560422731775,0.6937898900330672,1.6639040813533041,173.50490626227992,1.0262248481375917,beta_vals[106],106,NA,NA,NA,96,20,106,2,NA
-0.15240538171138668,0.051018445588908584,0.5308471051915724,-1.1224932053208079,-0.5448261465317148,-0.16415475331803597,0.2197378292995304,0.8963566252841391,108.26409794694555,1.0130340541581675,beta_vals[107],107,NA,NA,NA,97,20,107,2,NA
-0.11125620948831293,0.05108149000780274,0.5295254248624636,-1.097315525467514,-0.49006937734246847,-0.13147552105194585,0.2636583256211743,0.9282786205528832,107.45992201729463,1.0146179962598767,beta_vals[108],108,NA,NA,NA,98,20,108,2,NA
0.031392168299911836,0.05074720623218554,0.5312175787424869,-0.9484010955357728,-0.3541846740086752,0.016626304576082693,0.4033092455255673,1.0890931416103555,109.57730113859851,1.0144422505301358,beta_vals[109],109,NA,NA,NA,99,17,109,2,NA
0.1895408330547466,0.05138372669338894,0.5313638921807353,-0.782087867279004,-0.19270784181342246,0.17686814954539484,0.5645301880784591,1.230806307688309,106.93820272715118,1.01245771595931,beta_vals[110],110,NA,NA,NA,100,20,110,2,NA
0.1375903236050175,0.0511793912399254,0.5301886244423918,-0.8499237462056529,-0.24915952188688262,0.12783851953572484,0.517994158506924,1.1585305952400597,107.31750794192133,1.0140522332237112,beta_vals[111],111,NA,NA,NA,101,20,111,2,NA
0.062163832472166065,0.05229070871382745,0.530907089014751,-0.9118067756169689,-0.31709371922726104,0.049820016307561846,0.43601051686335124,1.1176771145526552,103.08322393926859,1.0137049930127136,beta_vals[112],112,NA,NA,NA,102,20,112,2,NA
-0.061974934023545016,0.05102967854247331,0.5322124888714053,-1.0470229928373294,-0.44614929189053704,-0.07497232666341774,0.3189311988548162,0.9737160051395023,108.77383933175314,1.0140063833100996,beta_vals[113],113,NA,NA,NA,103,18,113,2,NA
0.1089039632516838,0.060674821831584444,0.8006770790528118,-1.5564930050273278,-0.3955659775462012,0.13179334469985685,0.6487043327383021,1.6049318448862615,174.13969235159368,1.0257782343359882,beta_vals[114],114,NA,NA,NA,104,16,114,2,NA
0.3454218538255285,0.051328671084464886,0.527748882221447,-0.6226624733581528,-0.041021279485473294,0.3287692920857078,0.7174929094132795,1.3770498746787407,105.71451058067228,1.0138788200338469,beta_vals[115],115,NA,NA,NA,105,20,115,2,NA
-0.12767696720184557,0.05141852680839057,0.5306535922383667,-1.1076412620442537,-0.50723340511363,-0.14068586591391496,0.2518052290563535,0.9084910548617416,106.50817863141499,1.0140447085038264,beta_vals[116],116,NA,NA,NA,106,19,116,2,NA
0.2416462847702745,0.06038403982648794,0.799519360866507,-1.4287345469327037,-0.2670859102121797,0.2728719833025459,0.7792658505793864,1.7614240314131424,175.31280560536194,1.0247769095357326,beta_vals[117],117,NA,NA,NA,107,17,117,2,NA
-0.13913757761406917,0.05150478508604012,0.533614064282027,-1.1264825548769257,-0.5292055273499198,-0.15029597639015346,0.23145868544827056,0.9080749146969778,107.33945269285067,1.0146500130433656,beta_vals[118],118,NA,NA,NA,108,19,118,2,NA
0.04895408256676102,0.05124399044192449,0.529006422457894,-0.9261058586401709,-0.33332546522164797,0.03764232953659159,0.41404368054189045,1.0772516191559816,106.5702553307363,1.014410475164498,beta_vals[119],119,NA,NA,NA,109,20,119,2,NA
-0.06723040808623615,0.05071555321773152,0.531857785859855,-1.0461652992040265,-0.4458483961172847,-0.08169746803168032,0.30087170403284685,0.9784467680969816,109.97873196424449,1.0137911064827878,beta_vals[120],120,NA,NA,NA,110,19,120,2,NA
0.36766209748748585,0.05116839271754109,0.5274403392789787,-0.603655515488206,-0.013749576680008636,0.34570410930457574,0.7451645456222635,1.3986305293629255,106.25347283272598,1.0145575019219188,beta_vals[121],121,NA,NA,NA,111,20,121,2,NA
0.33004068624461114,0.05120034297187746,0.5381975086996555,-0.6808731765635682,-0.06269900601540615,0.32380658861700046,0.7022592139984695,1.3847483009489567,110.49372779175285,1.0137660376611073,beta_vals[122],122,NA,NA,NA,112,15,122,2,NA
0.22187063000105242,0.050449497020425324,0.5256963106869658,-0.7729577382246662,-0.1559392977674497,0.20812596876579176,0.5913989047896477,1.2454418403324325,108.5815850122924,1.0131373491449172,beta_vals[123],123,NA,NA,NA,113,19,123,2,NA
0.35033113122870096,0.05136228335799737,0.5447590726413306,-0.6631765847876088,-0.033765768607903576,0.33297042634605567,0.7330082452470171,1.403625192518339,112.49165309169368,1.0125766274698436,beta_vals[124],124,NA,NA,NA,114,12,124,2,NA
-0.17545903575745722,0.050814869543096323,0.5335088713713736,-1.1649356864092901,-0.5631731996295156,-0.1886978522577111,0.20327576202895944,0.8705246577519804,110.23047045065408,1.0146921246929719,beta_vals[125],125,NA,NA,NA,115,20,125,2,NA
0.236011075557927,0.051227137764211485,0.532636422237551,-0.7640654704000699,-0.14126980775089032,0.22509514327967922,0.619558081585581,1.274628892161313,108.10892258781273,1.0136738419175422,beta_vals[126],126,NA,NA,NA,116,17,126,2,NA
0.32358955276550494,0.051237197331192745,0.5306274958641467,-0.6522005659659775,-0.06854204323339558,0.31160125991625676,0.6954055834478443,1.3575287796876727,107.25283211134672,1.0134841519982412,beta_vals[127],127,NA,NA,NA,117,19,127,2,NA
-0.1818365830984415,0.0510573790954469,0.5318128308878954,-1.1580380658037723,-0.5686312462745677,-0.19493064190419163,0.1931830228952539,0.8624507842788144,108.49271744441246,1.0147140171019093,beta_vals[128],128,NA,NA,NA,118,18,128,2,NA
-0.1672894415471096,0.051408067923311325,0.5286620436088024,-1.131215094731092,-0.5462815940744614,-0.18288824632164352,0.19938424985521863,0.8742168385977332,105.7532436439911,1.0143132846701948,beta_vals[129],129,NA,NA,NA,119,19,129,2,NA
0.25674193835544373,0.051004841594721115,0.5285649087691764,-0.7079500050303832,-0.12526861439281844,0.24313277349781598,0.6280110967420195,1.2958431338794576,107.39247415590485,1.0144628640937863,beta_vals[130],130,NA,NA,NA,120,20,130,2,NA
0.05941866755095044,0.05194226562944257,0.5318994190642973,-0.9116243315531478,-0.3249047289999495,0.0456382631530137,0.42556648333472413,1.1112892988207261,104.86178695013469,1.0131633021693325,beta_vals[131],131,NA,NA,NA,121,20,131,2,NA
0.10304418254648716,0.0511286703029026,0.5326067145623292,-0.8986818624536292,-0.2843619897372225,0.09914798043455106,0.4851907998869435,1.1229753202535075,108.51362658883656,1.0133512795068735,beta_vals[132],132,NA,NA,NA,122,19,132,2,NA
-0.04874044556414088,0.05118288044351869,0.5308542016098781,-1.0400683293455968,-0.42798175472727795,-0.05643823680508153,0.32072480182511753,1.0015915360936363,107.5724529000765,1.0133171641983036,beta_vals[133],133,NA,NA,NA,123,18,133,2,NA
-0.11855050132389094,0.050900693836976645,0.5324254568054584,-1.1119335813408895,-0.5029120547214065,-0.1295085851694902,0.2528710869096859,0.9268156837716313,109.41332589178056,1.0135285412265007,beta_vals[134],134,NA,NA,NA,124,17,134,2,NA
-0.2150507963456954,0.050616678799045176,0.5313459927555694,-1.205176476339967,-0.598731980271474,-0.2199640553924135,0.15840679115083603,0.8246758952226658,110.19643074308549,1.013902727078456,beta_vals[135],135,NA,NA,NA,125,16,135,2,NA
-0.2904447093667742,3.6119820177388343e-4,0.03080399757953495,-0.3493621690562541,-0.31149450461956135,-0.2909162602693278,-0.269195927327917,-0.229668905908604,7273.157665115291,0.9997114841876426,beta_vals[136],136,NA,NA,NA,NA,669,136,2,TRUE
